insert into colors (id, code) values (1000, 'Black');
insert into colors (id, code) values (1001, 'White');
insert into colors (id, code) values (1002, 'Yellow');
insert into colors (id, code) values (1003, 'Blue');
insert into colors (id, code) values (1004, 'Red');
insert into colors (id, code) values (1005, 'Purple');
insert into colors (id, code) values (1006, 'Gray');
insert into colors (id, code) values (1007, 'Green');
insert into colors (id, code) values (1008, 'Pink');
insert into colors (id, code) values (1009, 'Gold');
insert into colors (id, code) values (1010, 'Silver');
insert into colors (id, code) values (1011, 'Orange');
insert into colors (id, code) values (1012, 'Brown');
insert into colors (id, code) values (1013, '256');

insert into phones (id, brand, model, price, displaySizeInches, weightGr, lengthMm, widthMm, heightMm, announced, deviceType, os, displayResolution, pixelDensity, displayTechnology, backCameraMegapixels, frontCameraMegapixels, ramGb, internalStorageGb, batteryCapacityMah, talkTimeHours, standByTimeHours, bluetooth, positioning, imageUrl, description) values ('1000', 'ARCHOS', 'ARCHOS 101 G9', null, 10.1, 482, 276.0, 167.0, 12.6, null, 'Tablet', 'Android (4.0)', '1280 x  800', 149, null, null, 1.3, null, 8.0, null, null, null, '2.1, EDR', 'GPS', 'manufacturer/ARCHOS/ARCHOS 101 G9.jpg', 'The ARCHOS 101 G9 is a 10.1'''' tablet, equipped with Google''s open source OS. It offers a multi-core ARM CORTEX A9 processor at 1GHz, 8 or 16GB internal memory, microSD card slot, GPS, Wi-Fi, Bluetooth 2.1, and more.');
insert into phones (id, brand, model, price, displaySizeInches, weightGr, lengthMm, widthMm, heightMm, announced, deviceType, os, displayResolution, pixelDensity, displayTechnology, backCameraMegapixels, frontCameraMegapixels, ramGb, internalStorageGb, batteryCapacityMah, talkTimeHours, standByTimeHours, bluetooth, positioning, imageUrl, description) values ('1001', 'ARCHOS', 'ARCHOS 101 Helium 4G', null, 10.1, 482, 250.0, 174.0, 10.0, null, 'Tablet', 'Android (4.4)', '1280 x  800', 149, 'IPS LCD', 5.0, 0.3, 1.0, 8.0, 6500, null, null, 'Yes', 'GPS, A-GPS', 'manufacturer/ARCHOS/ARCHOS 101 Helium 4G.jpg', 'The ARCHOS 101 Helium 4G is a 10.1" tablet, running Android 4.4. Its specs include 1.5 GHz quad core MediaTek processor, 1 GB RAM, 8 GB storage space, further expandable via microSD card slot, 4G LTE and 2 cameras - 5 MP on the back, and 0.3 MP on the front.');
insert into phones (id, brand, model, price, displaySizeInches, weightGr, lengthMm, widthMm, heightMm, announced, deviceType, os, displayResolution, pixelDensity, displayTechnology, backCameraMegapixels, frontCameraMegapixels, ramGb, internalStorageGb, batteryCapacityMah, talkTimeHours, standByTimeHours, bluetooth, positioning, imageUrl, description) values ('1002', 'ARCHOS', 'ARCHOS 101 Internet Tablet', null, 10.1, 482, null, null, null, null, 'Tablet', 'Android (2.2)', '1024 x  600', 118, 'TFT', null, 0.3, null, 8.0, null, null, null, '2.1, EDR', null, 'manufacturer/ARCHOS/ARCHOS 101 Internet Tablet.jpg', 'Archos 101 Internet Tablet is 10.1" Android running slate with Wi-Fi connectivity. It has 1GHz processor, 0.3MP front camera, HDMI port, 8GB internal memory and supports up to 32GB microSD memory cards.');
insert into phones (id, brand, model, price, displaySizeInches, weightGr, lengthMm, widthMm, heightMm, announced, deviceType, os, displayResolution, pixelDensity, displayTechnology, backCameraMegapixels, frontCameraMegapixels, ramGb, internalStorageGb, batteryCapacityMah, talkTimeHours, standByTimeHours, bluetooth, positioning, imageUrl, description) values ('1003', 'ARCHOS', 'ARCHOS 101 Oxygen', 249, 10.1, 482, 240.0, 172.0, 10.0, null, 'Tablet', 'Android (4.4.4)', '1200 x  1920', 224, 'IPS LCD', 5.0, 2.0, 2.0, 16.0, 7000, null, null, 'Yes', 'GPS, A-GPS', 'manufacturer/ARCHOS/ARCHOS 101 Oxygen.jpg', 'The Archos 101 Oxygen is a tablet that offers a 10.1-inch 1080p display, 1.5 GB of RAM, 16 GB of internal memory, and a quad-core processor.');
insert into phones (id, brand, model, price, displaySizeInches, weightGr, lengthMm, widthMm, heightMm, announced, deviceType, os, displayResolution, pixelDensity, displayTechnology, backCameraMegapixels, frontCameraMegapixels, ramGb, internalStorageGb, batteryCapacityMah, talkTimeHours, standByTimeHours, bluetooth, positioning, imageUrl, description) values ('1004', 'ARCHOS', 'ARCHOS 101 Saphir', null, 10.1, 482, 265.4, 181.0, 13.4, null, 'Tablet', 'Android (7.0)', '1280 x  800', 149, 'IPS LCD', 5.0, 2.0, 1.0, 16.0, 6000, null, null, 'Yes', 'GPS, A-GPS', 'manufacturer/ARCHOS/ARCHOS 101 Saphir.jpg', 'The front of the Saphir 101 is a 10.1-inch IPS display, and while the resolution of 1280 x 800 isn''t the sharpest around, it should be perfectly serviceable for browsing the web, typing out Word documents, watching videos, etc. Android 7.0 Nougat is powering the 101 right out of the box, and the MediaTek MT8163 CPU and 1GB of RAM should provide enough power as long as you aren''t doing anything too intensive on the machine.');

insert into phone2color (phoneId, colorId) values (1000, 1000);
insert into phone2color (phoneId, colorId) values (1000, 1001);
insert into phone2color (phoneId, colorId) values (1001, 1000);
insert into phone2color (phoneId, colorId) values (1001, 1004);
insert into phone2color (phoneId, colorId) values (1002, 1009);
insert into phone2color (phoneId, colorId) values (1003, 1001);
insert into phone2color (phoneId, colorId) values (1004, 1004);
insert into phone2color (phoneId, colorId) values (1004, 1005);
insert into phone2color (phoneId, colorId) values (1004, 1006);
insert into phone2color (phoneId, colorId) values (1004, 1007);
insert into phone2color (phoneId, colorId) values (null, null);